utterance_id,speaker_id,condition,scoring_rule,reference_words,substitutions,deletions,insertions,wer
2277-149896-0000,2277,original,legacy,22,0,0,0,0.0
2277-149896-0000,2277,original,english_mr_mister_v1,22,0,0,0,0.0
2277-149896-0000,2277,pitch_-3,legacy,22,5,1,1,0.3181818181818182
2277-149896-0000,2277,pitch_-3,english_mr_mister_v1,22,5,1,1,0.3181818181818182
2277-149896-0000,2277,pitch_+3,legacy,22,1,0,0,0.045454545454545456
2277-149896-0000,2277,pitch_+3,english_mr_mister_v1,22,1,0,0,0.045454545454545456
2277-149896-0001,2277,original,legacy,26,0,0,0,0.0
2277-149896-0001,2277,original,english_mr_mister_v1,26,0,0,0,0.0
2277-149896-0001,2277,pitch_-3,legacy,26,1,0,0,0.038461538461538464
2277-149896-0001,2277,pitch_-3,english_mr_mister_v1,26,1,0,0,0.038461538461538464
2277-149896-0001,2277,pitch_+3,legacy,26,0,0,0,0.0
2277-149896-0001,2277,pitch_+3,english_mr_mister_v1,26,0,0,0,0.0
2277-149896-0002,2277,original,legacy,12,0,0,0,0.0
2277-149896-0002,2277,original,english_mr_mister_v1,12,0,0,0,0.0
2277-149896-0002,2277,pitch_-3,legacy,12,5,0,1,0.5
2277-149896-0002,2277,pitch_-3,english_mr_mister_v1,12,5,0,1,0.5
2277-149896-0002,2277,pitch_+3,legacy,12,3,0,1,0.3333333333333333
2277-149896-0002,2277,pitch_+3,english_mr_mister_v1,12,3,0,1,0.3333333333333333
2277-149896-0003,2277,original,legacy,7,0,0,0,0.0
2277-149896-0003,2277,original,english_mr_mister_v1,7,0,0,0,0.0
2277-149896-0003,2277,pitch_-3,legacy,7,4,0,0,0.5714285714285714
2277-149896-0003,2277,pitch_-3,english_mr_mister_v1,7,4,0,0,0.5714285714285714
2277-149896-0003,2277,pitch_+3,legacy,7,0,1,0,0.14285714285714285
2277-149896-0003,2277,pitch_+3,english_mr_mister_v1,7,0,1,0,0.14285714285714285
2277-149896-0004,2277,original,legacy,7,0,0,0,0.0
2277-149896-0004,2277,original,english_mr_mister_v1,7,0,0,0,0.0
2277-149896-0004,2277,pitch_-3,legacy,7,5,0,0,0.7142857142857143
2277-149896-0004,2277,pitch_-3,english_mr_mister_v1,7,5,0,0,0.7142857142857143
2277-149896-0004,2277,pitch_+3,legacy,7,1,0,0,0.14285714285714285
2277-149896-0004,2277,pitch_+3,english_mr_mister_v1,7,1,0,0,0.14285714285714285
2035-147960-0000,2035,original,legacy,33,0,0,0,0.0
2035-147960-0000,2035,original,english_mr_mister_v1,33,0,0,0,0.0
2035-147960-0000,2035,pitch_-3,legacy,33,5,0,0,0.15151515151515152
2035-147960-0000,2035,pitch_-3,english_mr_mister_v1,33,5,0,0,0.15151515151515152
2035-147960-0000,2035,pitch_+3,legacy,33,2,0,2,0.12121212121212122
2035-147960-0000,2035,pitch_+3,english_mr_mister_v1,33,2,0,2,0.12121212121212122
2035-147960-0001,2035,original,legacy,10,0,0,0,0.0
2035-147960-0001,2035,original,english_mr_mister_v1,10,0,0,0,0.0
2035-147960-0001,2035,pitch_-3,legacy,10,0,0,0,0.0
2035-147960-0001,2035,pitch_-3,english_mr_mister_v1,10,0,0,0,0.0
2035-147960-0001,2035,pitch_+3,legacy,10,1,0,0,0.1
2035-147960-0001,2035,pitch_+3,english_mr_mister_v1,10,1,0,0,0.1
2035-147960-0002,2035,original,legacy,26,3,0,1,0.15384615384615385
2035-147960-0002,2035,original,english_mr_mister_v1,26,3,0,1,0.15384615384615385
2035-147960-0002,2035,pitch_-3,legacy,26,10,3,1,0.5384615384615384
2035-147960-0002,2035,pitch_-3,english_mr_mister_v1,26,10,3,1,0.5384615384615384
2035-147960-0002,2035,pitch_+3,legacy,26,8,1,1,0.38461538461538464
2035-147960-0002,2035,pitch_+3,english_mr_mister_v1,26,8,1,1,0.38461538461538464
2035-147960-0003,2035,original,legacy,18,0,0,0,0.0
2035-147960-0003,2035,original,english_mr_mister_v1,18,0,0,0,0.0
2035-147960-0003,2035,pitch_-3,legacy,18,2,1,0,0.16666666666666666
2035-147960-0003,2035,pitch_-3,english_mr_mister_v1,18,2,1,0,0.16666666666666666
2035-147960-0003,2035,pitch_+3,legacy,18,4,2,0,0.3333333333333333
2035-147960-0003,2035,pitch_+3,english_mr_mister_v1,18,4,2,0,0.3333333333333333
2035-147960-0004,2035,original,legacy,13,0,0,0,0.0
2035-147960-0004,2035,original,english_mr_mister_v1,13,0,0,0,0.0
2035-147960-0004,2035,pitch_-3,legacy,13,2,0,1,0.23076923076923078
2035-147960-0004,2035,pitch_-3,english_mr_mister_v1,13,2,0,1,0.23076923076923078
2035-147960-0004,2035,pitch_+3,legacy,13,3,0,0,0.23076923076923078
2035-147960-0004,2035,pitch_+3,english_mr_mister_v1,13,3,0,0,0.23076923076923078
2086-149214-0000,2086,original,legacy,30,0,0,0,0.0
2086-149214-0000,2086,original,english_mr_mister_v1,30,0,0,0,0.0
2086-149214-0000,2086,pitch_-3,legacy,30,4,6,0,0.3333333333333333
2086-149214-0000,2086,pitch_-3,english_mr_mister_v1,30,4,6,0,0.3333333333333333
2086-149214-0000,2086,pitch_+3,legacy,30,1,2,0,0.1
2086-149214-0000,2086,pitch_+3,english_mr_mister_v1,30,1,2,0,0.1
2086-149214-0001,2086,original,legacy,19,0,0,0,0.0
2086-149214-0001,2086,original,english_mr_mister_v1,19,0,0,0,0.0
2086-149214-0001,2086,pitch_-3,legacy,19,1,0,0,0.05263157894736842
2086-149214-0001,2086,pitch_-3,english_mr_mister_v1,19,1,0,0,0.05263157894736842
2086-149214-0001,2086,pitch_+3,legacy,19,0,0,0,0.0
2086-149214-0001,2086,pitch_+3,english_mr_mister_v1,19,0,0,0,0.0
2086-149214-0002,2086,original,legacy,51,2,0,0,0.0392156862745098
2086-149214-0002,2086,original,english_mr_mister_v1,51,2,0,0,0.0392156862745098
2086-149214-0002,2086,pitch_-3,legacy,51,10,1,4,0.29411764705882354
2086-149214-0002,2086,pitch_-3,english_mr_mister_v1,51,10,1,4,0.29411764705882354
2086-149214-0002,2086,pitch_+3,legacy,51,8,1,4,0.2549019607843137
2086-149214-0002,2086,pitch_+3,english_mr_mister_v1,51,8,1,4,0.2549019607843137
2086-149214-0003,2086,original,legacy,25,0,0,0,0.0
2086-149214-0003,2086,original,english_mr_mister_v1,25,0,0,0,0.0
2086-149214-0003,2086,pitch_-3,legacy,25,6,2,1,0.36
2086-149214-0003,2086,pitch_-3,english_mr_mister_v1,25,6,2,1,0.36
2086-149214-0003,2086,pitch_+3,legacy,25,7,0,0,0.28
2086-149214-0003,2086,pitch_+3,english_mr_mister_v1,25,7,0,0,0.28
2086-149214-0004,2086,original,legacy,46,0,0,0,0.0
2086-149214-0004,2086,original,english_mr_mister_v1,46,0,0,0,0.0
2086-149214-0004,2086,pitch_-3,legacy,46,11,0,3,0.30434782608695654
2086-149214-0004,2086,pitch_-3,english_mr_mister_v1,46,11,0,3,0.30434782608695654
2086-149214-0004,2086,pitch_+3,legacy,46,2,0,0,0.043478260869565216
2086-149214-0004,2086,pitch_+3,english_mr_mister_v1,46,2,0,0,0.043478260869565216
7976-110124-0000,7976,original,legacy,10,1,0,0,0.1
7976-110124-0000,7976,original,english_mr_mister_v1,10,1,0,0,0.1
7976-110124-0000,7976,pitch_-3,legacy,10,1,0,0,0.1
7976-110124-0000,7976,pitch_-3,english_mr_mister_v1,10,1,0,0,0.1
7976-110124-0000,7976,pitch_+3,legacy,10,3,0,0,0.3
7976-110124-0000,7976,pitch_+3,english_mr_mister_v1,10,3,0,0,0.3
7976-110124-0001,7976,original,legacy,23,0,0,0,0.0
7976-110124-0001,7976,original,english_mr_mister_v1,23,0,0,0,0.0
7976-110124-0001,7976,pitch_-3,legacy,23,7,0,0,0.30434782608695654
7976-110124-0001,7976,pitch_-3,english_mr_mister_v1,23,7,0,0,0.30434782608695654
7976-110124-0001,7976,pitch_+3,legacy,23,3,0,0,0.13043478260869565
7976-110124-0001,7976,pitch_+3,english_mr_mister_v1,23,3,0,0,0.13043478260869565
7976-110124-0002,7976,original,legacy,28,0,0,0,0.0
7976-110124-0002,7976,original,english_mr_mister_v1,28,0,0,0,0.0
7976-110124-0002,7976,pitch_-3,legacy,28,2,1,0,0.10714285714285714
7976-110124-0002,7976,pitch_-3,english_mr_mister_v1,28,2,1,0,0.10714285714285714
7976-110124-0002,7976,pitch_+3,legacy,28,2,1,0,0.10714285714285714
7976-110124-0002,7976,pitch_+3,english_mr_mister_v1,28,2,1,0,0.10714285714285714
7976-110124-0003,7976,original,legacy,25,0,0,0,0.0
7976-110124-0003,7976,original,english_mr_mister_v1,25,0,0,0,0.0
7976-110124-0003,7976,pitch_-3,legacy,25,4,0,0,0.16
7976-110124-0003,7976,pitch_-3,english_mr_mister_v1,25,4,0,0,0.16
7976-110124-0003,7976,pitch_+3,legacy,25,0,0,0,0.0
7976-110124-0003,7976,pitch_+3,english_mr_mister_v1,25,0,0,0,0.0
7976-110124-0004,7976,original,legacy,10,0,0,0,0.0
7976-110124-0004,7976,original,english_mr_mister_v1,10,0,0,0,0.0
7976-110124-0004,7976,pitch_-3,legacy,10,0,0,0,0.0
7976-110124-0004,7976,pitch_-3,english_mr_mister_v1,10,0,0,0,0.0
7976-110124-0004,7976,pitch_+3,legacy,10,1,0,0,0.1
7976-110124-0004,7976,pitch_+3,english_mr_mister_v1,10,1,0,0,0.1
1988-147956-0000,1988,original,legacy,39,1,0,0,0.02564102564102564
1988-147956-0000,1988,original,english_mr_mister_v1,39,1,0,0,0.02564102564102564
1988-147956-0000,1988,pitch_-3,legacy,39,8,1,1,0.2564102564102564
1988-147956-0000,1988,pitch_-3,english_mr_mister_v1,39,8,1,1,0.2564102564102564
1988-147956-0000,1988,pitch_+3,legacy,39,3,1,0,0.10256410256410256
1988-147956-0000,1988,pitch_+3,english_mr_mister_v1,39,3,1,0,0.10256410256410256
1988-147956-0001,1988,original,legacy,35,0,0,0,0.0
1988-147956-0001,1988,original,english_mr_mister_v1,35,0,0,0,0.0
1988-147956-0001,1988,pitch_-3,legacy,35,2,0,0,0.05714285714285714
1988-147956-0001,1988,pitch_-3,english_mr_mister_v1,35,2,0,0,0.05714285714285714
1988-147956-0001,1988,pitch_+3,legacy,35,2,0,0,0.05714285714285714
1988-147956-0001,1988,pitch_+3,english_mr_mister_v1,35,2,0,0,0.05714285714285714
1988-147956-0002,1988,original,legacy,12,0,0,0,0.0
1988-147956-0002,1988,original,english_mr_mister_v1,12,0,0,0,0.0
1988-147956-0002,1988,pitch_-3,legacy,12,1,1,0,0.16666666666666666
1988-147956-0002,1988,pitch_-3,english_mr_mister_v1,12,1,1,0,0.16666666666666666
1988-147956-0002,1988,pitch_+3,legacy,12,1,0,0,0.08333333333333333
1988-147956-0002,1988,pitch_+3,english_mr_mister_v1,12,1,0,0,0.08333333333333333
1988-147956-0003,1988,original,legacy,5,1,0,0,0.2
1988-147956-0003,1988,original,english_mr_mister_v1,5,1,0,0,0.2
1988-147956-0003,1988,pitch_-3,legacy,5,1,0,0,0.2
1988-147956-0003,1988,pitch_-3,english_mr_mister_v1,5,1,0,0,0.2
1988-147956-0003,1988,pitch_+3,legacy,5,0,0,0,0.0
1988-147956-0003,1988,pitch_+3,english_mr_mister_v1,5,0,0,0,0.0
1988-147956-0004,1988,original,legacy,22,0,0,0,0.0
1988-147956-0004,1988,original,english_mr_mister_v1,22,0,0,0,0.0
1988-147956-0004,1988,pitch_-3,legacy,22,3,0,1,0.18181818181818182
1988-147956-0004,1988,pitch_-3,english_mr_mister_v1,22,3,0,1,0.18181818181818182
1988-147956-0004,1988,pitch_+3,legacy,22,6,2,1,0.4090909090909091
1988-147956-0004,1988,pitch_+3,english_mr_mister_v1,22,6,2,1,0.4090909090909091
